Timestamp UTC, Original Timestamp, CF RayID, IP, Endpoint, User-Agent, Action, Country
2024-09-09T00:33:57.609Z,2024-09-09T00:33:13.529Z,8bff748a78ff667a,5.255.127.222,/,"Mozilla/5.0 (Windows NT 6.3; Win64; x64) AppleWebKit/537.36 (KHTML, like Gecko) Chrome/103.0.5060.114 Safari/537.36",REPORTED,T1
2024-09-09T00:33:57.609Z,2024-09-09T00:33:13.530Z,8bff6dcd9ca10f42,159.203.92.188,//sito/wp-includes/wlwmanifest.xml,"Mozilla/5.0 (Windows NT 10.0; Win64; x64) AppleWebKit/537.36 (KHTML, like Gecko) Chrome/89.0.4389.114 Safari/537.36",REPORTED,US
2024-09-09T00:33:57.609Z,2024-09-09T00:33:13.530Z,8bfee19c2a6370c4,185.100.87.192,/,"Mozilla/5.0 (Windows NT 10.0; Win64; x64) AppleWebKit/537.36 (KHTML, like Gecko) Chrome/103.0.5042.0 Safari/537.36",REPORTED,T1
2024-09-09T00:33:57.609Z,2024-09-09T00:33:13.530Z,8bffef33cee36702,195.178.110.135,/.git/config,"Mozilla/5.0 (Windows NT 10.0; Win64; x64) AppleWebKit/537.36 (KHTML, like Gecko) Chrome/96.0.4664.110 Safari/537.36",REPORTED,BG
2024-09-09T00:33:57.609Z,2024-09-09T00:33:13.530Z,8bffe08ffa84092c,221.8.168.101,/,Mozilla/5.0 (Windows NT 5.1; rv:40.0) Gecko/20100101 Firefox/40.0,REPORTED,CN
2024-09-09T00:33:57.609Z,2024-09-09T00:33:13.530Z,8bffdecbdf9be5ca,64.227.165.147,/wp-admin/css/,"Mozilla/5.0 (Windows NT 10.0; Win64; x64) AppleWebKit/537.36 (KHTML, like Gecko) Chrome/90.0.4430.85 Safari/537.36",REPORTED,IN
2024-09-09T00:33:57.609Z,2024-09-09T00:33:13.530Z,8bffbefd9b466341,51.89.153.112,/,"Mozilla/5.0 (Windows NT 6.3; Win64; x64) AppleWebKit/537.36 (KHTML, like Gecko) Chrome/103.0.5060.53 Safari/537.36",REPORTED,T1
2024-09-09T02:25:10.281Z,2024-09-09T00:33:13.529Z,8bff932a0ce34bd2,104.168.45.19,/genshin-stella-mod,"Mozilla/5.0 (Linux; Android 9; SM-G965F) AppleWebKit/537.36 (KHTML, like Gecko) Chrome/128.0.6613.100 Mobile Safari/537.36",REPORTED,US
2024-09-09T02:25:10.281Z,2024-09-09T00:33:13.529Z,8bff8fea8a3fbf4e,2a00:f41:5812:cd47:0:4b:7734:6901,/favicon.ico,"Mozilla/5.0 (Linux; U; Android 11; pl-pl; Redmi Note 10 5G Build/RP1A.200720.011) AppleWebKit/537.36 (KHTML, like Gecko) Version/4.0 Chrome/89.0.4389.116 Mobile Safari/537.36 XiaoMi/MiuiBrowser/12.13.2-gn",REPORTED,PL
2024-09-09T02:25:10.281Z,2024-09-09T00:33:13.530Z,8bffce9b8cc10256,172.245.142.238,/favicon.ico,"Mozilla/5.0 (Linux; Android 9; SM-G965F) AppleWebKit/537.36 (KHTML, like Gecko) Chrome/128.0.6613.100 Mobile Safari/537.36",REPORTED,US
2024-09-09T02:25:10.281Z,2024-09-09T01:33:13.530Z,8c005350ae385d48,185.220.100.251,/,"Mozilla/5.0 (Windows NT 6.3; Win64; x64) AppleWebKit/537.36 (KHTML, like Gecko) Chrome/103.0.5060.66 Safari/537.36",REPORTED,T1
2024-09-09T02:25:10.281Z,2024-09-09T01:33:13.531Z,8c0023c548a38324,206.189.150.151,/blog/wp-includes/wlwmanifest.xml,"Mozilla/5.0 (Windows NT 10.0; Win64; x64) AppleWebKit/537.36 (KHTML, like Gecko) Chrome/95.0.4638.69 Safari/537.36",REPORTED,SG
2024-09-09T02:25:10.281Z,2024-09-09T01:33:13.531Z,8c001bf79d7bd443,72.175.116.21,/resources/PiHole-Blocklist-Collection/valorant.txt,"Mozilla/5.0 (Windows NT 10.0; Win64; x64) AppleWebKit/537.36 (KHTML, like Gecko) Chrome/70.0.3538.102 Safari/537.36",REPORTED,US
2024-09-09T02:25:10.281Z,2024-09-09T01:33:13.531Z,8c001a952d60d00e,49.228.125.4,/generated/v1/noip/ads/sefinek.hosts.txt,MikroTik,REPORTED,TH
2024-09-09T02:25:10.281Z,2024-09-09T01:33:13.531Z,8c000af0b9200a65,192.42.116.197,/,"Mozilla/5.0 (Windows NT 10.0; Win64; x64) AppleWebKit/537.36 (KHTML, like Gecko) Chrome/103.0.5060.53 Safari/537.36",REPORTED,T1
2024-09-09T04:05:24.968Z,2024-09-09T02:33:13.613Z,8c00a965a93c7bcd,122.2.116.73,/favicon.ico,"Mozilla/5.0 (Linux; Android 7.1.1; H4331 Build/49.0.A.6.107; wv) AppleWebKit/537.36 (KHTML, like Gecko) Version/4.0 Chrome/119.0.6045.193 Mobile Safari/537.36 [FB_IAB/FB4A;FBAV/436.0.0.35.101;]",REPORTED,PH
2024-09-09T04:05:24.969Z,2024-09-09T02:33:13.614Z,8c00a4ac9d03a915,2a03:2880:10ff:10::face:b00c,/favicon.ico,Mozilla/5.0 (Windows NT 5.1; rv:11.0) Gecko Firefox/11.0 (via ggpht.com GoogleImageProxy),REPORTED,US
2024-09-09T04:05:24.969Z,2024-09-09T02:33:13.614Z,8c009f3df9d90c05,91.92.242.85,//sito/wp-includes/wlwmanifest.xml,"Mozilla/5.0 (Windows NT 10.0; Win64; x64) AppleWebKit/537.36 (KHTML, like Gecko) Chrome/80.0.3987.149 Safari/537.36",REPORTED,BG
2024-09-09T04:05:24.969Z,2024-09-09T02:33:13.614Z,8c009b2b18cfd39e,146.70.164.210,/,"Mozilla/5.0 (Windows NT 6.1) AppleWebKit/537.36 (KHTML, like Gecko) Chrome/103.0.5060.114 Safari/537.36",REPORTED,T1
2024-09-09T04:05:24.969Z,2024-09-09T02:33:13.614Z,8c009a7a5c262c09,141.70.45.131,/generated/v1/0.0.0.0/piracy/blocklistproject/piracy.fork.txt,Mozilla/5.0 (Windows NT 10.0; WOW64; rv:76.0) Gecko/20100101 Firefox/76.0,REPORTED,DE
2024-09-09T04:05:24.969Z,2024-09-09T02:33:13.614Z,8c0076728e8f4400,154.38.180.34,/wp-admin/css/,"Mozilla/5.0 (Windows NT 10.0; Win64; x64) AppleWebKit/537.36 (KHTML, like Gecko) Chrome/90.0.4430.85 Safari/537.36",REPORTED,US
2024-09-09T04:05:24.969Z,2024-09-09T02:33:13.614Z,8c0076098b009fca,185.184.201.153,/,"Mozilla/5.0 (X11; Linux x86_64) AppleWebKit/537.36 (KHTML, like Gecko) HeadlessChrome/64.0.3282.119 Safari/537.36",REPORTED,DE
2024-09-09T04:05:24.969Z,2024-09-09T03:33:13.532Z,8c00f32e59b9081c,54.158.218.110,/,"Mozilla/5.0 (Windows NT 10.0; Win64; x64) AppleWebKit/537.36 (KHTML, like Gecko) Chrome/58.0.3029.110 Safari/537.36",REPORTED,US
2024-09-09T04:05:24.969Z,2024-09-09T03:33:13.533Z,8c00ede21bf72210,80.195.230.34,/generated/v1/0.0.0.0/crypto/cryptojacking/zerodot1/CoinBlockerLists-hosts.fork.txt,curl/8.5.0,REPORTED,GB
2024-09-09T04:05:24.969Z,2024-09-09T03:33:13.533Z,8c00edb8089b674c,163.182.79.215,/generated/0.0.0.0/malicious/blocklistproject.malware.txt,curl/7.74.0,REPORTED,US
2024-09-09T04:05:24.969Z,2024-09-09T03:33:13.533Z,8c00ed8668a25699,88.196.40.164,/generated/v1/0.0.0.0/ads/jerryn70/GoodbyeAds.fork.txt,curl/7.88.1,REPORTED,EE
2024-09-09T04:05:24.969Z,2024-09-09T03:33:13.533Z,8c00e5632aa09a09,185.220.100.252,/,"Mozilla/5.0 (Windows NT 6.1; WOW64) AppleWebKit/537.36 (KHTML, like Gecko) Chrome/103.0.0.0 Safari/537.36",REPORTED,T1
2024-09-09T04:05:24.969Z,2024-09-09T03:33:13.533Z,8c00d91e7efaa88a,213.103.122.157,/favicon.ico,"Mozilla/5.0 (Windows NT 10.0; Win64; x64) AppleWebKit/537.36 (KHTML, like Gecko) Chrome/128.0.0.0 Safari/537.36",REPORTED,LT
2024-09-09T04:05:24.969Z,2024-09-09T03:33:13.533Z,8c00c573dbbf9127,3.16.50.169,/pagead/js/adsbygoogle.js,"Mozilla/5.0 (Linux; U; Android 7.0; en-US; PRA-LX1 Build/HUAWEIPRA-LX1) AppleWebKit/537.36 (KHTML, like Gecko) Version/4.0 Chrome/57.0.2987.108 UCBrowser/12.13.0.1207 Mobile Safari/537.36",REPORTED,US
2024-09-09T06:06:18.109Z,2024-09-09T05:33:13.457Z,8c01c81b4ca77421,2001:19f0:9002:1dfb:5400:5ff:fe16:d885,/home,"Mozilla/5.0 (Windows NT 10.0; Win64; x64) AppleWebKit/537.36 (KHTML, like Gecko) Chrome/74.0.3729.169 Safari/537.36",REPORTED,US
2024-09-09T06:06:18.110Z,2024-09-09T05:33:13.457Z,8c01be58d70dd053,2a06:98c0:3600::103,/pihole-blocklist-customization,"Mozilla/5.0 (X11; Linux x86_64) AppleWebKit/537.36 (KHTML, like Gecko) Chrome/83.0.4103.7 Safari/537.36",REPORTED,ES
2024-09-09T06:06:18.110Z,2024-09-09T05:33:13.457Z,8c01bc97b910630a,185.220.101.28,/generated/127.0.0.1/forks/oisd.nsfw.txt,"Mozilla/5.0 (Windows NT 6.3; Win64; x64) AppleWebKit/537.36 (KHTML, like Gecko) Chrome/103.0.0.0 Safari/537.36",REPORTED,T1
2024-09-09T06:06:18.110Z,2024-09-09T05:33:13.457Z,8c01a55d9d53abde,185.130.44.86,/env.prod.js,Mozilla/5.0 (Debian; Linux x86_64; rv:123.0) Gecko/20100101 Firefox/123.0,REPORTED,SE
2024-09-09T06:06:18.110Z,2024-09-09T05:33:13.457Z,8c0174d82c1c8c39,198.98.54.49,/generated/127.0.0.1/forks/oisd.nsfw.txt,"Mozilla/5.0 (Windows NT 10.0; Win64; x64) AppleWebKit/537.36 (KHTML, like Gecko) Chrome/103.0.5060.53 Safari/537.36",REPORTED,T1
2024-09-09T06:06:18.110Z,2024-09-09T05:33:13.457Z,8c012d9d5a3831e3,193.26.115.61,/,"Mozilla/5.0 (Windows NT 6.1; Win64; x64) AppleWebKit/537.36 (KHTML, like Gecko) Chrome/103.0.0.0 Safari/537.36",REPORTED,T1
2024-09-09T08:06:21.498Z,2024-09-09T06:33:13.404Z,8c0209b7cc557cd3,175.22.92.30,/,Mozilla/5.0 (Windows NT 5.1; rv:40.0) Gecko/20100101 Firefox/40.0,REPORTED,CN
2024-09-09T08:06:21.498Z,2024-09-09T06:33:13.404Z,8c020520191a6311,185.220.101.33,/generated/127.0.0.1/forks/oisd.nsfw.txt,"Mozilla/5.0 (Windows NT 10.0; WOW64) AppleWebKit/537.36 (KHTML, like Gecko) Chrome/103.0.0.0 Safari/537.36",REPORTED,T1
2024-09-09T08:06:21.498Z,2024-09-09T06:33:13.405Z,8c01e2eb6c8725f6,172.207.171.136,/wp-content/plugins/Tevolution/,Mozilla/5.0 (compatible; MSIE 10.0; Windows NT 6.1; Trident/6.0),REPORTED,JP
2024-09-09T08:06:21.498Z,2024-09-09T07:33:13.396Z,8c024cc5496d62cf,185.220.101.11,/generated/127.0.0.1/forks/oisd.nsfw.txt,"Mozilla/5.0 (Windows NT 10.0; Win64; x64) AppleWebKit/537.36 (KHTML, like Gecko) Chrome/103.0.5042.0 Safari/537.36",REPORTED,T1
2024-09-09T10:04:40.195Z,2024-09-09T08:33:13.428Z,8c02d9dd6c3fd34e,185.220.100.242,/,"Mozilla/5.0 (Windows NT 10.0; Win64; x64) AppleWebKit/537.36 (KHTML, like Gecko) Chrome/103.0.0.0 Safari/537.36",REPORTED,T1
2024-09-09T10:04:40.195Z,2024-09-09T08:33:13.428Z,8c02baab7e584791,205.169.39.227,/,"Mozilla/5.0 (Windows NT 6.1; Win64; x64) AppleWebKit/537.36 (KHTML, like Gecko) Chrome/83.0.4103.61 Safari/537.36",REPORTED,US
2024-09-09T10:04:40.195Z,2024-09-09T08:33:13.429Z,8c02b9b15c5e7cdd,122.137.39.136,/,Mozilla/5.0 (Windows NT 5.1; rv:58.0) Gecko/20100101 Firefox/58.0,REPORTED,CN
2024-09-09T10:04:40.195Z,2024-09-09T08:33:13.429Z,8c02b8c0fa094792,205.169.39.232,/,"Mozilla/5.0 (Windows NT 6.1; Win64; x64) AppleWebKit/537.36 (KHTML, like Gecko) Chrome/83.0.4103.61 Safari/537.36",REPORTED,US
2024-09-09T10:04:40.195Z,2024-09-09T08:33:13.429Z,8c02b152ebe7125f,34.72.176.129,/favicon.ico,"Mozilla/5.0 (X11; Linux x86_64) AppleWebKit/537.36 (KHTML, like Gecko) HeadlessChrome/92.0.4515.159 Safari/537.36",REPORTED,US
2024-09-09T10:04:40.195Z,2024-09-09T08:33:13.429Z,8c02aeeb6d8261be,34.122.147.229,/favicon.ico,"Mozilla/5.0 (X11; Linux x86_64) AppleWebKit/537.36 (KHTML, like Gecko) HeadlessChrome/92.0.4515.159 Safari/537.36",REPORTED,US
2024-09-09T10:04:40.195Z,2024-09-09T08:33:13.429Z,8c02aed8090a2e27,205.169.39.46,/favicon.ico,"Mozilla/5.0 (Linux; Android 7.0; SM-G930V Build/NRD90M) AppleWebKit/537.36 (KHTML, like Gecko) Chrome/59.0.3071.125 Mobile Safari/537.36",REPORTED,US
2024-09-09T10:04:40.195Z,2024-09-09T08:33:13.429Z,8c029bc3bbf68838,54.151.253.197,/,"Mozilla/5.0 (X11; Linux x86_64) AppleWebKit/537.36 (KHTML, like Gecko) Chrome/44.0.2403.157 Safari/537.36",REPORTED,SG
2024-09-09T10:04:40.195Z,2024-09-09T08:33:13.429Z,8c0293a16b42b366,185.91.116.202,/,"Mozilla/5.0 (Windows NT 6.3; Win64; x64) AppleWebKit/537.36 (KHTML, like Gecko) Chrome/103.0.5060.66 Safari/537.36",REPORTED,T1
2024-09-09T10:04:40.195Z,2024-09-09T09:33:13.419Z,8c031e171cda3bcd,45.138.16.222,/,"Mozilla/5.0 (Windows NT 10.0; Win64; x64) AppleWebKit/537.36 (KHTML, like Gecko) Chrome/103.0.5042.0 Safari/537.36",REPORTED,T1
2024-09-09T10:04:40.195Z,2024-09-09T09:33:13.419Z,8c030b90d96bab1c,192.30.83.125,/,"Mozilla/5.0 (Windows NT 10.0; Win64; x64) AppleWebKit/537.36 (KHTML, like Gecko) Chrome/42.0.2311.135 Safari/537.36 Edge/12.246",REPORTED,US
2024-09-09T10:04:40.195Z,2024-09-09T09:33:13.419Z,8c030879299a6a5e,192.30.83.94,/,"Mozilla/5.0 (Windows NT 10.0; Win64; x64) AppleWebKit/537.36 (KHTML, like Gecko) Chrome/42.0.2311.135 Safari/537.36 Edge/12.246",REPORTED,US
2024-09-09T12:07:29.027Z,2024-09-09T10:33:13.354Z,8c037f73fbae8518,175.16.233.14,/,"Mozilla/5.0 (Windows NT 10.0) AppleWebKit/537.36 (KHTML, like Gecko) Chrome/65.0.3325.146 Safari/537.36",REPORTED,CN
2024-09-09T12:07:29.027Z,2024-09-09T10:33:13.354Z,8c036222ae9e96fd,185.107.57.64,/,"Mozilla/5.0 (Windows NT 10.0; WOW64) AppleWebKit/537.36 (KHTML, like Gecko) Chrome/103.0.5060.114 Safari/537.36",REPORTED,T1
2024-09-09T12:07:29.027Z,2024-09-09T11:33:13.443Z,8c03b9bb1c1a3081,35.87.129.142,/generated/v1/unbound,"Mozilla/5.0 (Macintosh; Intel Mac OS X 7_9_4) AppleWebKit/536.27 (KHTML, like Gecko) Chrome/49.0.2108.106 Safari/601",REPORTED,US
2024-09-09T12:07:29.027Z,2024-09-09T11:33:13.444Z,8c03a6911b2f00f8,185.165.190.111,/,"Mozilla/5.0 (Windows NT 10.0; Win64; x64) AppleWebKit/537.36 (KHTML, like Gecko) Chrome/103.0.0.0 Safari/537.36",REPORTED,T1
2024-09-09T12:07:29.027Z,2024-09-09T11:33:13.444Z,8c03a40bbc3688bf,20.162.86.87,/phpinfo.php,Mozilla/5.0 (Macintosh; Intel Mac OS X 10.15; rv:77.0) Gecko/20100101 Firefox/77.0,REPORTED,GB
2024-09-09T12:07:29.027Z,2024-09-09T11:33:13.444Z,8c0394d81ffd27a1,18.236.125.156,/robots.txt,"Mozilla/5.0 (iPhone; CPU iPhone OS 11_1_3; like Mac OS X) AppleWebKit/535.38 (KHTML, like Gecko) Chrome/52.0.2573.357 Mobile Safari/600.2",REPORTED,US
2024-09-09T14:04:56.053Z,2024-09-09T12:33:13.454Z,8c043011ef4a5e6c,198.98.48.35,/,"Mozilla/5.0 (Windows NT 10.0; Win64; x64) AppleWebKit/537.36 (KHTML, like Gecko) Chrome/103.0.5060.66 Safari/537.36",REPORTED,T1
2024-09-09T14:04:56.053Z,2024-09-09T12:33:13.455Z,8c0417f1380831fd,71.93.222.234,//favicon.ico,Client/44595 CFNetwork/1498.700.2 Darwin/23.6.0,REPORTED,US
2024-09-09T14:04:56.053Z,2024-09-09T12:33:13.455Z,8c03eb2eccac62fe,185.220.101.22,/generated/127.0.0.1/forks/oisd.nsfw.txt,"Mozilla/5.0 (Windows NT 6.3) AppleWebKit/537.36 (KHTML, like Gecko) Chrome/103.0.0.0 Safari/537.36",REPORTED,T1
2024-09-09T14:04:56.053Z,2024-09-09T13:33:13.455Z,8c049405be96818c,184.72.235.81,/undefined,"Mozilla/5.0 (Windows NT 10.0; Win64; x64) AppleWebKit/537.36 (KHTML, like Gecko) Chrome/92.0.4515.131 Safari/537.36",REPORTED,US
2024-09-09T14:04:56.053Z,2024-09-09T13:33:13.455Z,8c047ce5480dd279,185.104.184.228,/wp-content/plugins/wp-diambar/includes/,Mozilla/5.0 (Windows NT 10.0; Win64; x64; rv:66.0) Gecko/20100101 Firefox/66.0,REPORTED,DE
2024-09-09T14:04:56.053Z,2024-09-09T13:33:13.455Z,8c0476252f082f46,218.152.12.19,/genshin-stella-mod,"Mozilla/5.0 (X11; Linux x86_64) AppleWebKit/537.3 (KHTML, like Gecko) Chrome/87.0.4280.66 Safari/537.36",REPORTED,KR
2024-09-09T14:04:56.053Z,2024-09-09T13:33:13.455Z,8c04759d8ea866fa,192.42.116.181,/,"Mozilla/5.0 (Windows NT 10.0; Win64; x64) AppleWebKit/537.36 (KHTML, like Gecko) Chrome/103.0.0.0 Safari/537.36",REPORTED,T1
2024-09-09T14:04:56.053Z,2024-09-09T13:33:13.456Z,8c04740889e6e909,205.169.39.86,/genshin-stella-mod,"Mozilla/5.0 (Windows NT 6.1; Win64; x64) AppleWebKit/537.36 (KHTML, like Gecko) Chrome/83.0.4103.61 Safari/537.36",REPORTED,US
2024-09-09T14:04:56.054Z,2024-09-09T13:33:13.456Z,8c046de93810442a,103.165.168.153,/genshin-stella-mod,"Mozilla/5.0 (Windows NT 10.0; Win64; x64) AppleWebKit/537.36 (KHTML, like Gecko) Chrome/128.0.0.0 Safari/537.36",REPORTED,IN
2024-09-09T14:04:56.054Z,2024-09-09T13:33:13.456Z,8c046cbaff88bbf7,209.38.202.206,/genshin-stella-mod,"Mozilla/5.0 (Windows NT 10.0; Win64; x64) AppleWebKit/537.36 (KHTML, like Gecko) Chrome/74.0.3729.169 Safari/537.36,",REPORTED,DE
2024-09-09T14:04:56.054Z,2024-09-09T13:33:13.456Z,8c0457e04d3d930a,2a07:e01:2:70::1,/env.js,"Mozilla/5.0 (Windows NT 10.0; Win64; x64) AppleWebKit/537.36 (KHTML, like Gecko) Chrome/81.0.4044.138 Safari/537.36",REPORTED,SE
2024-09-09T14:04:56.054Z,2024-09-09T13:33:13.456Z,8c0447692a3e6662,2a0d:7c40:3000:89c::2,/wp-login.php,Mozilla/5.0 (X11; Fedora; Linux x86_64; rv:94.0) Gecko/20100101 Firefox/95.0,REPORTED,US
2024-09-09T16:04:51.139Z,2024-09-09T14:33:13.489Z,8c04cfa38ea18622,143.92.32.219,/admin.php,Mozilla/4.0 (compatible; MSIE 9.0; Windows NT 6.1),REPORTED,SG
2024-09-09T16:04:51.139Z,2024-09-09T14:33:13.490Z,8c04cd99dc395824,98.96.193.67,/,"Mozilla/5.0 (Windows NT 10.0; Win64; x64) AppleWebKit/537.36 (KHTML, like Gecko) Chrome/60.0.3112.113 Safari/537.36",REPORTED,US
2024-09-09T16:04:51.139Z,2024-09-09T14:33:13.490Z,8c04b9ef8a1662c4,185.220.101.4,/generated/127.0.0.1/forks/oisd.nsfw.txt,"Mozilla/5.0 (Windows NT 6.1; Win64; x64) AppleWebKit/537.36 (KHTML, like Gecko) Chrome/103.0.5060.114 Safari/537.36",REPORTED,T1
2024-09-09T16:04:51.139Z,2024-09-09T14:33:13.490Z,8c04b77dd87d3b58,195.176.3.24,/,Mozilla/5.0 (Windows; U; Windows NT 5.1; ru; rv:1.9.2.12) Gecko/20101026 Firefox/3.6.12 ( .NET CLR 3.5.30729; .NET4.0E),REPORTED,T1
2024-09-09T16:04:51.139Z,2024-09-09T14:33:13.490Z,8c04ac8b296a9369,54.149.110.26,/logs/v1/pull_2024-05-18.log,"Mozilla/5.0 (Windows; U; Windows NT 10.3; x64) AppleWebKit/536.19 (KHTML, like Gecko) Chrome/52.0.3883.137 Safari/533.7 Edge/14.14199",REPORTED,US
2024-09-09T16:04:51.139Z,2024-09-09T15:33:13.493Z,8c0546436f5d08e2,222.132.217.15,/favicon.ico,"Mozilla/5.0 (Windows NT 10.0; WOW64) AppleWebKit/537.36 (KHTML, like Gecko) Chrome/94.0.4606.71 Safari/537.36 SE 2.X MetaSr 1.0",REPORTED,CN
2024-09-09T16:04:51.139Z,2024-09-09T15:33:13.493Z,8c0545d62aaccac5,185.220.101.185,/generated/127.0.0.1/forks/oisd.nsfw.txt,"Mozilla/5.0 (Windows NT 6.1; Win64; x64) AppleWebKit/537.36 (KHTML, like Gecko) Chrome/103.0.0.0 Safari/537.36",REPORTED,T1
2024-09-09T16:04:51.139Z,2024-09-09T15:33:13.493Z,8c052540ae27a1ac,178.128.80.220,//test/wp-includes/wlwmanifest.xml,"Mozilla/5.0 (Windows NT 10.0; Win64; x64) AppleWebKit/537.36 (KHTML, like Gecko) Chrome/95.0.4638.69 Safari/537.36",REPORTED,SG
2024-09-09T16:04:51.139Z,2024-09-09T15:33:13.493Z,8c0510fd9b0a36b4,192.30.83.230,/genshin-stella-mod,"Mozilla/5.0 (Windows NT 10.0; Win64; x64) AppleWebKit/537.36 (KHTML, like Gecko) Chrome/42.0.2311.135 Safari/537.36 Edge/12.246",REPORTED,US
2024-09-09T16:04:51.139Z,2024-09-09T15:33:13.493Z,8c04ff9a98399f3a,185.220.100.254,/,"Mozilla/5.0 (Windows NT 6.3; WOW64) AppleWebKit/537.36 (KHTML, like Gecko) Chrome/103.0.5060.114 Safari/537.36",REPORTED,T1
2024-09-09T18:05:07.651Z,2024-09-09T16:33:13.489Z,8c058c51cbf01e9d,192.42.116.173,/,"Mozilla/5.0 (Windows NT 6.3; Win64; x64) AppleWebKit/537.36 (KHTML, like Gecko) Chrome/103.0.5060.53 Safari/537.36",REPORTED,T1
2024-09-10T02:23:29.474Z,2024-09-10T00:33:13.506Z,8c08583e1f61b915,81.4.100.53,/generated/v1/127.0.0.1/scam/jarelllama/scam.fork.txt,"Mozilla/5.0 (Windows NT 10.0; Win64; x64) AppleWebKit/537.36 (KHTML, like Gecko) Chrome/60.0.3112.113 Safari/537.36",REPORTED,NL
2024-09-10T02:23:29.475Z,2024-09-10T00:33:13.507Z,8c08532c6a5f5dec,103.255.254.196,/generated/v1/127.0.0.1/scam/jarelllama/scam.fork.txt,"Mozilla/5.0 (Windows NT 10.0; Win64; x64) AppleWebKit/537.36 (KHTML, like Gecko) Chrome/60.0.3112.113 Safari/537.36",REPORTED,HK
2024-09-10T02:23:29.475Z,2024-09-10T00:33:13.507Z,8c084c438fa1a385,192.184.90.219,/generated/v1/127.0.0.1/scam/jarelllama/scam.fork.txt,"Mozilla/5.0 (Windows NT 10.0; Win64; x64) AppleWebKit/537.36 (KHTML, like Gecko) Chrome/60.0.3112.113 Safari/537.36",REPORTED,US
2024-09-10T02:23:29.475Z,2024-09-10T00:33:13.507Z,8c0849481a6b9f90,192.42.116.22,/,"Mozilla/5.0 (Windows NT 10.0; Win64; x64) AppleWebKit/537.36 (KHTML, like Gecko) Chrome/103.0.5060.66 Safari/537.36",REPORTED,T1
2024-09-10T02:23:29.475Z,2024-09-10T00:33:13.507Z,8c08480b8df69407,27.25.143.11,/,Mozilla/5.0 (compatible; Yahoo! Slurp; http://help.yahoo.com/help/us/ysearch/slurp��),REPORTED,CN
2024-09-10T02:23:29.475Z,2024-09-10T01:33:13.496Z,8c08acf01add9c5e,162.213.36.245,/,Mozilla/5.0 (Macintosh;,REPORTED,US
2024-09-10T02:23:29.475Z,2024-09-10T01:33:13.496Z,8c089082688b866f,207.188.137.212,/,"Mozilla/5.0 (Windows NT 6.1; Win64; x64) AppleWebKit/537.36 (KHTML, like Gecko) Chrome/103.0.0.0 Safari/537.36",REPORTED,T1
2024-09-10T04:05:10.495Z,2024-09-10T02:33:13.406Z,8c08e5de1cd1cbf0,176.84.166.42,/generated/v1/0.0.0.0/test.txt%20https://big.oisd.nl/unbound%20https://nsfw.oisd.nl/unbound,python-requests/2.32.3,REPORTED,ES
2024-09-10T04:05:10.495Z,2024-09-10T02:33:13.407Z,8c08e5902ec9a11f,111.119.200.86,/genshin-impact-reshade/docs,"Mozilla/5.0 (Windows NT 10.0; Win64; x64) AppleWebKit/537.36 (KHTML, like Gecko) Chrome/101.0.4951.64 Safari/537.36 Edg/101.0.1210.47",REPORTED,SG
2024-09-10T04:05:10.495Z,2024-09-10T02:33:13.407Z,8c08de4308fdc9a7,66.249.92.46,/favicon.ico,"Mozilla/5.0 (Linux; Android 4.0.4; Galaxy Nexus Build/IMM76B) AppleWebKit/537.36 (KHTML, like Gecko; Mediapartners-Google) Chrome/127.0.6533.99 Mobile Safari/537.36",REPORTED,US
2024-09-10T04:05:10.495Z,2024-09-10T02:33:13.407Z,8c08de4199976ff8,66.249.92.32,/support-me,"Mozilla/5.0 (Linux; Android 4.0.4; Galaxy Nexus Build/IMM76B) AppleWebKit/537.36 (KHTML, like Gecko; Mediapartners-Google) Chrome/127.0.6533.99 Mobile Safari/537.36",REPORTED,US
2024-09-10T04:05:10.495Z,2024-09-10T02:33:13.407Z,8c08de340d8b8006,66.249.92.39,/genshin-stella-mod/docs,"Mozilla/5.0 (Linux; Android 4.0.4; Galaxy Nexus Build/IMM76B) AppleWebKit/537.36 (KHTML, like Gecko; Mediapartners-Google) Chrome/127.0.6533.99 Mobile Safari/537.36",REPORTED,US
2024-09-10T04:05:10.495Z,2024-09-10T02:33:13.407Z,8c08de2afcb3c943,66.249.92.41,/favicon.ico,"Mozilla/5.0 (Linux; Android 4.0.4; Galaxy Nexus Build/IMM76B) AppleWebKit/537.36 (KHTML, like Gecko; Mediapartners-Google) Chrome/127.0.6533.99 Mobile Safari/537.36",REPORTED,US
2024-09-10T04:05:10.496Z,2024-09-10T02:33:13.407Z,8c08de29a8afc96b,66.249.92.40,/blocklist-generator/dnsmasq,"Mozilla/5.0 (Linux; Android 4.0.4; Galaxy Nexus Build/IMM76B) AppleWebKit/537.36 (KHTML, like Gecko; Mediapartners-Google) Chrome/127.0.6533.99 Mobile Safari/537.36",REPORTED,US
2024-09-10T04:05:10.496Z,2024-09-10T02:33:13.408Z,8c08de11bca856ce,66.249.92.42,/favicon.ico,"Mozilla/5.0 (Linux; Android 4.0.4; Galaxy Nexus Build/IMM76B) AppleWebKit/537.36 (KHTML, like Gecko; Mediapartners-Google) Chrome/127.0.6533.99 Mobile Safari/537.36",REPORTED,US
2024-09-10T04:05:10.496Z,2024-09-10T02:33:13.408Z,8c08db67ef5d9b5d,107.189.8.56,/,"Mozilla/5.0 (Windows NT 10.0) AppleWebKit/537.36 (KHTML, like Gecko) Chrome/103.0.0.0 Safari/537.36",REPORTED,T1
2024-09-10T04:05:10.496Z,2024-09-10T03:33:13.459Z,8c096b070b3806be,103.251.167.20,/generated/127.0.0.1/forks/oisd.nsfw.txt,"Mozilla/5.0 (Windows NT 6.1; Win64; x64) AppleWebKit/537.36 (KHTML, like Gecko) Chrome/103.0.0.0 Safari/537.36",REPORTED,T1
2024-09-10T04:05:10.496Z,2024-09-10T03:33:13.459Z,8c0965e6cff435e4,83.135.1.121,/favicon.ico,"Mozilla/5.0 (Windows NT 10.0; Win64; x64) AppleWebKit/537.36 (KHTML, like Gecko) Chrome/127.0.0.0 Safari/537.36 Edg/127.0.0.0 StellaLauncher/8.1.7.0",REPORTED,DE
2024-09-10T04:05:10.496Z,2024-09-10T03:33:13.460Z,8c095403c8718489,98.70.100.188,//site/wp-includes/wlwmanifest.xml,"Mozilla/5.0 (Windows NT 10.0; Win64; x64) AppleWebKit/537.36 (KHTML, like Gecko) Chrome/80.0.3987.149 Safari/537.36",REPORTED,IN
2024-09-10T04:05:10.496Z,2024-09-10T03:33:13.460Z,8c09400b4a1e9fea,51.15.16.101,/wp-content/plugins/wp-catcher/index.php,"Mozlila/5.0 (Linux; Android 7.0; SM-G892A Bulid/NRD90M; wv) AppleWebKit/537.36 (KHTML, like Gecko) Version/4.0 Chrome/60.0.3112.107 Moblie Safari/537.36",REPORTED,FR
2024-09-10T04:05:10.496Z,2024-09-10T03:33:13.460Z,8c093f74af29c98f,34.229.227.26,/.git/config,"Mozilla/5.0 (Linux; Android 9; SM-A505FN) AppleWebKit/537.36 (KHTML, like Gecko) Chrome/76.0.3809.111 Mobile Safari/537.36",REPORTED,US
2024-09-10T04:05:10.496Z,2024-09-10T03:33:13.461Z,8c0923098d9c9f76,192.42.116.185,/,"Mozilla/5.0 (Windows NT 6.1; Win64; x64) AppleWebKit/537.36 (KHTML, like Gecko) Chrome/103.0.0.0 Safari/537.36",REPORTED,T1
2024-09-10T04:05:10.496Z,2024-09-10T03:33:13.461Z,8c09182fa9a2f8a5,2a02:27aa::13c9,/,"Mozilla/5.0 (X11; Linux x86_64) AppleWebKit/537.36 (KHTML, like Gecko) Chrome/85.0.4183.83 Safari/537.36",REPORTED,BG
2024-09-10T06:05:52.794Z,2024-09-10T04:33:13.433Z,8c09b463391f1034,119.49.140.234,/,"Mozilla/5.0 (Windows NT 6.1; Win64; x64) AppleWebKit/537.36 (KHTML, like Gecko) Chrome/64.0.3282.0 Safari/537.36",REPORTED,CN
2024-09-10T06:05:52.795Z,2024-09-10T04:33:13.433Z,8c09b31ca8b22d4c,3.145.57.200,/.git/config,"Mozilla/5.0 (Windows NT 10.0; Win64; x64) AppleWebKit/537.36 (KHTML, like Gecko) Chrome/73.0.3683.88 Safari/537.36 Vivaldi/2.4.1488.36",REPORTED,US
2024-09-10T06:05:52.795Z,2024-09-10T04:33:13.433Z,8c09b2510c9f62f8,185.220.101.70,/generated/127.0.0.1/forks/oisd.nsfw.txt,"Mozilla/5.0 (Windows NT 6.2; Win64; x64) AppleWebKit/537.36 (KHTML, like Gecko) Chrome/103.0.0.0 Safari/537.36",REPORTED,T1
2024-09-10T06:05:52.795Z,2024-09-10T04:33:13.433Z,8c09a837ffe4a79c,2001:19f0:c800:2437:5400:5ff:fe17:1d0d,/home,"Mozilla/5.0 (Windows NT 10.0; Win64; x64) AppleWebKit/537.36 (KHTML, like Gecko) Chrome/74.0.3729.169 Safari/537.36",REPORTED,CL
2024-09-10T06:05:52.795Z,2024-09-10T04:33:13.433Z,8c09a827aa064c0c,64.176.10.77,/wp,"Mozilla/5.0 (Windows NT 10.0; Win64; x64) AppleWebKit/537.36 (KHTML, like Gecko) Chrome/74.0.3729.169 Safari/537.36",REPORTED,CL
2024-09-10T06:05:52.795Z,2024-09-10T05:33:13.417Z,8c0a1cdb5b333fb5,74.225.148.213,/wp-admin/css/,"Mozilla/5.0 (Windows NT 10.0; Win64; x64) AppleWebKit/537.36 (KHTML, like Gecko) Chrome/90.0.4430.85 Safari/537.36",REPORTED,IN
2024-09-10T06:05:52.795Z,2024-09-10T05:33:13.417Z,8c0a1a47ec2cc950,128.14.211.210,/,"Mozilla/5.0 (Windows NT 10.0; Win64; x64) AppleWebKit/537.36 (KHTML, like Gecko) Chrome/60.0.3112.113 Safari/537.36",REPORTED,US
2024-09-10T06:05:52.795Z,2024-09-10T05:33:13.418Z,8c09fb3cc80dd595,35.204.181.127,/genshin-stella-mod/docs,"Mozilla/5.0 (X11; Linux aarch64) AppleWebKit/537.36 (KHTML, like Gecko) QtWebEngine/5.15.14 Chrome/87.0.4280.144 Safari/537.36",REPORTED,NL
2024-09-10T06:05:52.795Z,2024-09-10T05:33:13.418Z,8c09f8ed1c876642,2.57.214.194,/,"Mozilla/5.0 (Windows NT 6.1) AppleWebKit/537.36 (KHTML, like Gecko) Chrome/103.0.5060.114 Safari/537.36",REPORTED,T1
2024-09-10T06:05:52.795Z,2024-09-10T05:33:13.418Z,8c09f5541ea3656e,34.90.111.3,/profiles,"Mozilla/5.0 (Windows NT 10.0; Win64; x64) AppleWebKit/537.36 (KHTML, like Gecko) Chrome/92.0.4515.159 Safari/537.36",REPORTED,NL
2024-09-10T08:05:45.037Z,2024-09-10T06:33:13.608Z,8c0a85f65ec86704,192.42.116.175,/,"Mozilla/5.0 (Windows NT 6.1; Win64; x64) AppleWebKit/537.36 (KHTML, like Gecko) Chrome/103.0.0.0 Safari/537.36",REPORTED,T1
2024-09-10T08:05:45.037Z,2024-09-10T06:33:13.608Z,8c0a65076c4b1fa4,14.128.63.102,/temp.php,Python-urllib/3.10,REPORTED,SG
2024-09-10T08:05:45.037Z,2024-09-10T06:33:13.608Z,8c0a55cdd8f93090,35.90.206.132,/robots.txt,"Mozilla/5.0 (Windows NT 10.0; x64) AppleWebKit/602.47 (KHTML, like Gecko) Chrome/49.0.2203.285 Safari/537.3 Edge/15.12396",REPORTED,US
2024-09-10T08:05:45.037Z,2024-09-10T06:33:13.608Z,8c0a3fa9bcadd0df,82.118.242.62,/,"Mozilla/5.0 (Windows NT 10.0; WOW64) AppleWebKit/537.36 (KHTML, like Gecko) Chrome/103.0.0.0 Safari/537.36",REPORTED,T1
2024-09-10T08:05:45.037Z,2024-09-10T07:33:13.486Z,8c0acc445a750e24,5.255.125.196,/,"Mozilla/5.0 (Windows NT 10.0; Win64; x64) AppleWebKit/537.36 (KHTML, like Gecko) Chrome/103.0.5060.114 Safari/537.36",REPORTED,T1
2024-09-10T08:05:45.037Z,2024-09-10T07:33:13.487Z,8c0aa349191eac8d,149.88.98.91,/favicon.ico,"Mozilla/5.0 (Linux; Android 13; M2102J20SG) AppleWebKit/537.36 (KHTML, like Gecko) Chrome/92.0.4515.159 Mobile Safari/537.36",REPORTED,CA
2024-09-10T08:05:45.037Z,2024-09-10T07:33:13.487Z,8c0a97046d2f0909,218.27.165.76,/,Mozilla/5.0 (Windows NT 10.0; rv:52.0) Gecko/20100101 Firefox/52.0,REPORTED,CN
2024-09-10T08:05:45.039Z,2024-09-10T07:33:13.487Z,8c0a952eb8a71072,143.92.32.21,/temp.php,Python-urllib/3.10,REPORTED,SG
2024-09-10T10:04:29.034Z,2024-09-10T08:33:13.411Z,8c0b302839456045,119.8.168.116,/viewer/info/Why_should_I_block_Riot_Games.md,"Mozilla/5.0 (Windows NT 10.0; Win64; x64) AppleWebKit/537.36 (KHTML, like Gecko) Chrome/101.0.4951.64 Safari/537.36 Edg/101.0.1210.47",REPORTED,SG
2024-09-10T10:04:29.034Z,2024-09-10T08:33:13.411Z,8c0af760598a22c4,104.198.17.215,//sito/wp-includes/wlwmanifest.xml,"Mozilla/5.0 (Windows NT 10.0; Win64; x64) AppleWebKit/537.36 (KHTML, like Gecko) Chrome/78.0.3904.108 Safari/537.36",REPORTED,US
2024-09-10T10:04:29.034Z,2024-09-10T09:33:13.474Z,8c0b8da7aeef77b3,194.38.23.16,/sites/all/libraries/elfinder/connectors/php/connector.php,ALittle Client,REPORTED,UA
2024-09-10T10:04:29.034Z,2024-09-10T09:33:13.474Z,8c0b8556afb44481,47.237.93.119,/,"Mozilla/5.0 (Windows NT 10.0; Win64; x64) AppleWebKit/537.36 (KHTML, like Gecko) Chrome/92.0.4515.107 Safari/537.36",REPORTED,SG
2024-09-10T10:04:29.034Z,2024-09-10T09:33:13.474Z,8c0b8553cfea3fb1,8.219.252.74,/,"Mozilla/5.0 (Windows NT 10.0; Win64; x64) AppleWebKit/537.36 (KHTML, like Gecko) Chrome/92.0.4515.107 Safari/537.36",REPORTED,SG
2024-09-10T10:04:29.034Z,2024-09-10T09:33:13.474Z,8c0b854e6e8b834b,47.237.100.84,/,"Mozilla/5.0 (Windows NT 10.0; Win64; x64) AppleWebKit/537.36 (KHTML, like Gecko) Chrome/92.0.4515.107 Safari/537.36",REPORTED,SG
2024-09-10T10:04:29.034Z,2024-09-10T09:33:13.474Z,8c0b6e69cff53094,54.191.203.27,/robots.txt,"Mozilla/5.0 (Macintosh; U; Intel Mac OS X 7_7_6; en-US) AppleWebKit/600.24 (KHTML, like Gecko) Chrome/49.0.3581.218 Safari/600",REPORTED,US
2024-09-10T10:04:29.034Z,2024-09-10T09:33:13.475Z,8c0b581fa8a91ca7,192.42.116.18,/generated/127.0.0.1/forks/oisd.nsfw.txt,"Mozilla/5.0 (Windows NT 10.0; Win64; x64) AppleWebKit/537.36 (KHTML, like Gecko) Chrome/103.0.5042.0 Safari/537.36",REPORTED,T1
2024-09-11T02:22:36.728Z,2024-09-11T01:10:32.448Z,8c109effcb07722d,109.70.100.70,/generated/127.0.0.1/forks/oisd.nsfw.txt,"Mozilla/5.0 (Windows NT 10.0; Win64; x64) AppleWebKit/537.36 (KHTML, like Gecko) Chrome/103.0.5060.114 Safari/537.36",REPORTED,T1
2024-09-11T02:22:36.728Z,2024-09-11T01:10:32.449Z,8c109bdf1f65bf21,2a00:f41:18ab:86b0:64b2:99b4:bd5d:195e,/,"Mozilla/5.0 (Linux; Android 12; SAMSUNG SM-A525F) AppleWebKit/537.36 (KHTML, like Gecko) SamsungBrowser/16.0 Chrome/92.0.4515.166 Mobile Safari/537.36",REPORTED,PL
2024-09-11T02:22:36.728Z,2024-09-11T01:10:32.449Z,8c107b189bab4d9f,2607:6b80:6a:1000::5c83,//cms/wp-includes/wlwmanifest.xml,"Mozilla/5.0 (Windows NT 10.0; Win64; x64) AppleWebKit/537.36 (KHTML, like Gecko) Chrome/95.0.4638.69 Safari/537.36",REPORTED,IN
2024-09-11T02:22:36.728Z,2024-09-11T01:10:32.449Z,8c107ace98b76574,81.4.100.53,/generated/v1/127.0.0.1/scam/jarelllama/scam.fork.txt,"Mozilla/5.0 (Windows NT 10.0; Win64; x64) AppleWebKit/537.36 (KHTML, like Gecko) Chrome/60.0.3112.113 Safari/537.36",REPORTED,NL
2024-09-11T02:22:36.728Z,2024-09-11T01:10:32.449Z,8c1077d67ac68500,103.255.254.196,/generated/v1/127.0.0.1/scam/jarelllama/scam.fork.txt,"Mozilla/5.0 (Windows NT 10.0; Win64; x64) AppleWebKit/537.36 (KHTML, like Gecko) Chrome/60.0.3112.113 Safari/537.36",REPORTED,HK
2024-09-11T02:22:36.728Z,2024-09-11T01:10:32.449Z,8c1074679c627678,192.184.90.219,/generated/v1/127.0.0.1/scam/jarelllama/scam.fork.txt,"Mozilla/5.0 (Windows NT 10.0; Win64; x64) AppleWebKit/537.36 (KHTML, like Gecko) Chrome/60.0.3112.113 Safari/537.36",REPORTED,US
2024-09-11T02:22:36.728Z,2024-09-11T01:10:32.450Z,8c10625c4a6b9fd8,192.145.125.92,/wp-includes/js/tinymce/skins/wordpress/images/,Mozilla/5.0 (Windows NT 10.0; Win64; x64; rv:67.0) Gecko/20100101 Firefox/67.0,REPORTED,DE
2024-09-11T02:22:36.728Z,2024-09-11T01:10:32.450Z,8c10582bbdd8ca9d,185.220.101.17,/generated/127.0.0.1/forks/oisd.nsfw.txt,"Mozilla/5.0 (Windows NT 6.3) AppleWebKit/537.36 (KHTML, like Gecko) Chrome/103.0.0.0 Safari/537.36",REPORTED,T1
2024-09-11T02:22:36.728Z,2024-09-11T01:10:32.450Z,8c104f84194a56cc,188.19.32.116,/favicon.ico,"Mozilla/5.0 (Macintosh; Intel Mac OS X 10_15_2) AppleWebKit/537.36 (KHTML, like Gecko) Chrome/79.0.3945.88 Safari/537.36",REPORTED,RU
2024-09-11T04:06:01.970Z,2024-09-11T03:10:32.538Z,8c1148973916a8c1,188.215.235.110,/genshin-stella-mod,"Mozilla/5.0 (Windows NT 10.0; Win64; x64) AppleWebKit/537.36 (KHTML, like Gecko) Chrome/84.0.4147.89 Safari/537.36",REPORTED,KH
2024-09-11T04:06:01.971Z,2024-09-11T03:10:32.538Z,8c112fec3b9a66af,204.137.14.92,/,"Mozilla/5.0 (Windows NT 10.0; Win64; x64) AppleWebKit/537.36 (KHTML, like Gecko) Chrome/103.0.5042.0 Safari/537.36",REPORTED,T1
2024-09-11T04:06:01.971Z,2024-09-11T03:10:32.539Z,8c112b3afac97d59,27.115.124.118,/blocklist-generator,"Mozilla/5.0 (Linux; Android 8.0; Pixel 2 Build/OPD3.170816.012) AppleWebKit/537.36 (KHTML, like Gecko) Chrome/87.0.4280.88 Mobile Safari/537.36",REPORTED,CN
2024-09-11T04:06:01.971Z,2024-09-11T03:10:32.540Z,8c1129ab69801025,123.6.49.15,/,"Mozilla/5.0 (Linux; Android 8.0; Pixel 2 Build/OPD3.170816.012) AppleWebKit/537.36 (KHTML, like Gecko) Chrome/87.0.4280.88 Mobile Safari/537.36",REPORTED,CN
2024-09-11T04:06:01.971Z,2024-09-11T03:10:32.540Z,8c1129a73ba77cd4,123.6.49.50,/genshin-stella-mod,"Mozilla/5.0 (Linux; Android 8.0; Pixel 2 Build/OPD3.170816.012) AppleWebKit/537.36 (KHTML, like Gecko) Chrome/87.0.4280.88 Mobile Safari/537.36",REPORTED,CN
2024-09-11T04:06:01.971Z,2024-09-11T03:10:32.540Z,8c1125b4e8112b4f,122.137.39.175,/,"Mozilla/5.0 (Windows NT 5.1) AppleWebKit/537.36 (KHTML, like Gecko) Chrome/64.0.3282.0 Safari/537.36",REPORTED,CN
2024-09-11T04:06:01.971Z,2024-09-11T03:10:32.540Z,8c1123211dac76ef,140.179.7.43,/sitemap.xml,Go-http-client/1.1,REPORTED,CN
2024-09-11T04:06:01.971Z,2024-09-11T03:10:32.540Z,8c1116d49b49ec38,50.52.125.139,/resources/PiHole-Blocklist-Collection/blocklist/social/tiktok.txt,N/A,REPORTED,US
2024-09-11T04:06:01.971Z,2024-09-11T03:10:32.541Z,8c110373c85dce6f,103.191.50.51,/.well-known/security.txt,N/A,REPORTED,SG
2024-09-11T04:06:01.971Z,2024-09-11T03:10:32.541Z,8c10e83f190c4d4a,89.185.85.140,/,"Mozilla/5.0 (Windows NT 6.1) AppleWebKit/537.36 (KHTML, like Gecko) Chrome/103.0.0.0 Safari/537.36",REPORTED,T1
2024-09-11T04:06:01.971Z,2024-09-11T03:10:32.541Z,8c10beb0ba91aa68,43.203.170.78,//pagead2.googlesyndication.com/pagead/js/adsbygoogle.js,"Mozilla/5.0 (SymbianOS/9.1; U; en-us) AppleWebKit/413 (KHTML, like Gecko) Safari/413 es70",REPORTED,KR
2024-09-11T04:06:01.971Z,2024-09-11T03:10:32.541Z,8c10b5793e718c47,3.83.185.143,/generated/v1/127.0.0.1/scam/jarelllama/scam.fork.txt,"Mozilla/5.0 (Windows NT 6.3; Win64; x64) AppleWebKit/537.36 (KHTML, like Gecko) Chrome/37.0.2049.0 Safari/537.36",REPORTED,US
2024-09-11T04:06:01.971Z,2024-09-11T03:10:32.541Z,8c10a1408862be38,185.130.44.86,/,"Mozilla/5.0 (Windows NT 10.0; Win64; x64) AppleWebKit/537.36 (KHTML, like Gecko) Chrome/70.0.3538.102 Safari/537.36 Edge/18.18363",REPORTED,SE
2024-09-11T06:05:51.900Z,2024-09-11T05:10:32.443Z,8c120f492a0e0b46,195.178.110.35,/.git/config,"Mozilla/5.0 (SS; Linux i686) AppleWebKit/537.36 (KHTML, like Gecko) Chrome/120.0.0.0 Safari/537.36",REPORTED,BG
2024-09-11T06:05:51.900Z,2024-09-11T05:10:32.443Z,8c120c7d89db8f6a,216.227.68.168,/genshin-stella-mod/download/captcha,"Mozilla/5.0 (Windows NT 10.0; Win64; x64) AppleWebKit/537.36 (KHTML, like Gecko) Chrome/126.0.0.0 Safari/537.36 OPR/112.0.0.0 (Edition std-1)",REPORTED,US
2024-09-11T06:05:51.900Z,2024-09-11T05:10:32.443Z,8c1209ac2b25a878,90.137.113.95,/blocklist-generator/pihole,"Mozilla/5.0 (Windows NT 10.0; Win64; x64) AppleWebKit/537.36 (KHTML, like Gecko) Chrome/128.0.0.0 Safari/537.36",REPORTED,LT
2024-09-11T06:05:51.900Z,2024-09-11T05:10:32.443Z,8c12079e8e453617,185.220.100.254,/,"Mozilla/5.0 (Windows NT 10.0; Win64; x64) AppleWebKit/537.36 (KHTML, like Gecko) Chrome/103.0.5060.66 Safari/537.36",REPORTED,T1
2024-09-11T06:05:51.900Z,2024-09-11T05:10:32.443Z,8c11d2c9987396f8,195.178.110.135,/.git/config,"Mozilla/5.0 (Ubuntu; Linux x86_64) AppleWebKit/537.36 (KHTML, like Gecko) Chrome/119.0.0.0 Safari/537.36",REPORTED,BG
2024-09-11T06:05:51.900Z,2024-09-11T05:10:32.444Z,8c11c314cb3c2a7f,80.67.172.162,/,"Mozilla/5.0 (Windows NT 10.0; Win64; x64) AppleWebKit/537.36 (KHTML, like Gecko) Chrome/103.0.5060.114 Safari/537.36",REPORTED,T1
2024-09-11T06:05:51.900Z,2024-09-11T05:10:32.444Z,8c117a9b9f222fc3,176.84.166.42,/generated/v1/0.0.0.0/test.txt%20https://big.oisd.nl/unbound%20https://nsfw.oisd.nl/unbound,python-requests/2.32.3,REPORTED,ES
2024-09-11T06:05:51.900Z,2024-09-11T05:10:32.444Z,8c1179321a816a6b,185.220.101.26,/generated/127.0.0.1/forks/oisd.nsfw.txt,"Mozilla/5.0 (Windows NT 6.1; Win64; x64) AppleWebKit/537.36 (KHTML, like Gecko) Chrome/103.0.0.0 Safari/537.36",REPORTED,T1
2024-09-11T08:05:27.572Z,2024-09-11T07:10:32.520Z,8c12a169f88c1546,15.237.250.154,/wp-aa.php,python-requests/2.27.1,REPORTED,FR
2024-09-11T08:05:27.572Z,2024-09-11T07:10:32.521Z,8c129eb6beae110f,175.16.73.255,/,"Mozilla/5.0 (Windows NT 6.1; Win64; x64) AppleWebKit/537.36 (KHTML, like Gecko) Chrome/64.0.3282.0 Safari/537.36",REPORTED,CN
2024-09-11T08:05:27.572Z,2024-09-11T07:10:32.521Z,8c128f744da4ca9d,185.220.101.13,/generated/127.0.0.1/forks/oisd.nsfw.txt,"Mozilla/5.0 (Windows NT 10.0; Win64; x64) AppleWebKit/537.36 (KHTML, like Gecko) Chrome/103.0.0.0 Safari/537.36 Herring/95.1.8810.11",REPORTED,T1
2024-09-11T08:05:27.572Z,2024-09-11T07:10:32.522Z,8c125ddf4e0870bd,194.169.175.180,/.env,"Mozilla/5.0 (Linux; U; Android 4.4.2; en-US; HM NOTE 1W Build/KOT49H) AppleWebKit/534.30 (KHTML, like Gecko) Version/4.0 UCBrowser/11.0.5.850 U3/0.8.0 Mobile Safari/534.30",REPORTED,BG
2024-09-11T08:05:27.572Z,2024-09-11T07:10:32.522Z,8c1257cb7e328b27,27.124.32.96,/temp.php,Python-urllib/3.10,REPORTED,US
2024-09-11T08:05:27.572Z,2024-09-11T07:10:32.523Z,8c124c0b3a4766fc,5.255.121.71,/,"Mozilla/5.0 (Windows NT 10.0; Win64; x64) AppleWebKit/537.36 (KHTML, like Gecko) Chrome/103.0.5060.66 Safari/537.36",REPORTED,T1
2024-09-11T10:04:31.916Z,2024-09-11T09:10:32.457Z,8c13701def353f85,98.70.77.124,/bless.php,"Mozlila/5.0 (Linux; Android 7.0; SM-G892A Bulid/NRD90M; wv) AppleWebKit/537.36 (KHTML, like Gecko) Version/4.0 Chrome/60.0.3112.107 Moblie Safari/537.36",REPORTED,IN
2024-09-11T10:04:31.916Z,2024-09-11T09:10:32.457Z,8c1360ecbef35a84,212.241.82.224,/blocklist-generator/adguard,"Mozilla/5.0 (Windows NT 10.0; Win64; x64) AppleWebKit/537.36 (KHTML, like Gecko) Chrome/128.0.0.0 Safari/537.36",REPORTED,AT
2024-09-11T10:04:31.916Z,2024-09-11T09:10:32.457Z,8c135da8afa76311,185.220.101.86,/generated/127.0.0.1/forks/oisd.nsfw.txt,"Mozilla/5.0 (Windows NT 10.0; Win64; x64) AppleWebKit/537.36 (KHTML, like Gecko) Chrome/103.0.5060.66 Safari/537.36",REPORTED,T1
2024-09-11T10:04:31.916Z,2024-09-11T09:10:32.458Z,8c13193dce345b3f,109.70.100.65,/generated/127.0.0.1/forks/oisd.nsfw.txt,"Mozilla/5.0 (Windows NT 6.1; Win64; x64) AppleWebKit/537.36 (KHTML, like Gecko) Chrome/103.0.0.0 Safari/537.36",REPORTED,T1
2024-09-11T10:04:31.916Z,2024-09-11T09:10:32.458Z,8c12d3fe69216f4c,80.67.167.81,/,"Mozilla/5.0 (Windows NT 6.3; Win64; x64) AppleWebKit/537.36 (KHTML, like Gecko) Chrome/103.0.5060.53 Safari/537.36",REPORTED,T1
2024-09-11T12:06:48.937Z,2024-09-11T11:10:32.481Z,8c141bc6f872b8ac,195.178.110.21,/.env,"Mozilla/5.0 (Fedora; Linux x86_64) AppleWebKit/537.36 (KHTML, like Gecko) Chrome/125.0.0.0 Safari/537.36",REPORTED,BG
2024-09-11T12:06:48.937Z,2024-09-11T11:10:32.482Z,8c13f9a0adf305a3,2a01:4ff:f0:32a1::1,/,"Mozilla/5.0 (Windows NT 10.0; Win64; x64) AppleWebKit/537.36 (KHTML, like Gecko) Chrome/84.0.4147.105 Safari/537.36",REPORTED,US
2024-09-11T12:06:48.937Z,2024-09-11T11:10:32.482Z,8c13f9a01e12058c,5.161.66.63,/,"Mozilla/5.0 (Windows NT 10.0; Win64; x64) AppleWebKit/537.36 (KHTML, like Gecko) Chrome/84.0.4147.105 Safari/537.36",REPORTED,US
2024-09-11T12:06:48.937Z,2024-09-11T11:10:32.483Z,8c13e453c85e6310,185.220.101.28,/generated/127.0.0.1/forks/oisd.nsfw.txt,"Mozilla/5.0 (Windows NT 10.0; Win64; x64) AppleWebKit/537.36 (KHTML, like Gecko) Chrome/103.0.0.0 Safari/537.36 Herring/95.1.8810.11",REPORTED,T1
2024-09-11T12:06:48.937Z,2024-09-11T11:10:32.483Z,8c13dae40f9863c7,58.49.146.74,/,N/A,REPORTED,CN
2024-09-11T12:06:48.937Z,2024-09-11T11:10:32.483Z,8c13c978dd20e756,205.169.39.138,/11.09.2024/null,"Mozilla/5.0 (Windows NT 6.1; Win64; x64) AppleWebKit/537.36 (KHTML, like Gecko) Chrome/83.0.4103.61 Safari/537.36",REPORTED,US
2024-09-11T12:06:48.937Z,2024-09-11T11:10:32.484Z,8c13c92089bf617d,34.72.176.129,/favicon.ico,"Mozilla/5.0 (X11; Linux x86_64) AppleWebKit/537.36 (KHTML, like Gecko) HeadlessChrome/92.0.4515.159 Safari/537.36",REPORTED,US
2024-09-11T12:06:48.937Z,2024-09-11T11:10:32.485Z,8c13b3ef7aaf572a,45.176.118.19,/genshin-stella-mod/docs,"Mozilla/5.0 (Windows NT 10.0; Win64; x64) AppleWebKit/537.36 (KHTML, like Gecko) Chrome/128.0.0.0 Safari/537.36 Edg/128.0.0.0",REPORTED,CL
2024-09-11T12:06:48.937Z,2024-09-11T11:10:32.485Z,8c13ad137d0259d7,147.45.51.42,/feed/,"Mozilla/5.0 (Windows NT 4.0; WOW64) AppleWebKit/537.36 (KHTML, like Gecko) Chrome/37.0.2049.0 Safari/537.36",REPORTED,IT
2024-09-11T12:06:48.937Z,2024-09-11T11:10:32.486Z,8c1379ca1aea3c81,94.232.247.195,/_fragment,"Mozilla/5.0 (Windows NT 10.0; Win64; x64) AppleWebKit/537.36 (KHTML, like Gecko) Chrome/98.0.4758.102 Safari/537.36",REPORTED,MD
2024-09-11T14:04:10.221Z,2024-09-11T13:10:32.486Z,8c14c57c7cc06ef1,15.237.178.31,/wp/,Mozilla/5.0 (Windows NT 6.3; Win64; x64; rv:63.0) Gecko/20100101 Firefox/63.0,REPORTED,FR
2024-09-11T14:04:10.222Z,2024-09-11T13:10:32.486Z,8c14b1a35f005b19,212.69.167.80,/,"Mozilla/5.0 (Windows NT 6.3; Win64; x64) AppleWebKit/537.36 (KHTML, like Gecko) Chrome/103.0.5060.53 Safari/537.36",REPORTED,T1
2024-09-11T14:04:10.222Z,2024-09-11T13:10:32.487Z,8c146d5f3ad3373c,107.189.11.111,/,"Mozilla/5.0 (Windows NT 6.1) AppleWebKit/537.36 (KHTML, like Gecko) Chrome/103.0.0.0 Safari/537.36",REPORTED,T1
2024-09-11T14:04:10.222Z,2024-09-11T13:10:32.487Z,8c142c2a6a5f58c6,44.205.236.212,/,N/A,REPORTED,US
2024-09-11T14:04:10.222Z,2024-09-11T13:10:32.487Z,8c1429d35c629a3f,87.118.110.27,/,"Mozilla/5.0 (Windows NT 6.3; Win64; x64) AppleWebKit/537.36 (KHTML, like Gecko) Chrome/103.0.5060.53 Safari/537.36",REPORTED,T1
2024-09-11T16:05:00.184Z,2024-09-11T15:10:32.457Z,8c1586274dea59e9,2401:4900:1c8a:5cde:21be:2f01:88d1:fdd4,/wp-login.php,Mozilla/5.0 (Windows NT 10.0; WOW64; Trident/7.0; rv:11.0) like Gecko,REPORTED,IN
2024-09-11T16:05:00.184Z,2024-09-11T15:10:32.457Z,8c1580882fe5286d,45.148.10.111,/,"Mozilla/5.0 (Windows NT 10.0; Win64; x64) AppleWebKit/537.36 (KHTML, like Gecko) Chrome/103.0.5060.53 Safari/537.36",REPORTED,T1
2024-09-11T16:05:00.185Z,2024-09-11T15:10:32.458Z,8c153ab8296fcad5,185.220.101.16,/generated/127.0.0.1/forks/oisd.nsfw.txt,"Mozilla/5.0 (Windows NT 6.3) AppleWebKit/537.36 (KHTML, like Gecko) Chrome/103.0.0.0 Safari/537.36",REPORTED,T1
2024-09-11T16:05:00.185Z,2024-09-11T15:10:32.458Z,8c151e2c2a14d244,83.135.9.69,/favicon.ico,"Mozilla/5.0 (Windows NT 10.0; Win64; x64) AppleWebKit/537.36 (KHTML, like Gecko) Chrome/127.0.0.0 Safari/537.36 Edg/127.0.0.0 StellaLauncher/8.1.7.0",REPORTED,DE
2024-09-11T16:05:00.185Z,2024-09-11T15:10:32.458Z,8c15165f1bdd3f7b,114.119.185.250,/genshin-impact-reshade/docs,"Mozilla/5.0 (Windows NT 10.0; Win64; x64) AppleWebKit/537.36 (KHTML, like Gecko) Chrome/101.0.4951.64 Safari/537.36 Edg/101.0.1210.47",REPORTED,SG
2024-09-11T16:05:00.185Z,2024-09-11T15:10:32.458Z,8c14f64c2de7436e,199.195.251.119,/,"Mozilla/5.0 (Windows NT 6.3; WOW64) AppleWebKit/537.36 (KHTML, like Gecko) Chrome/103.0.0.0 Safari/537.36",REPORTED,T1
2024-09-11T16:05:00.185Z,2024-09-11T15:10:32.458Z,8c14efafcb8bbf5c,13.74.251.116,/.well-known/acme-challenge/LA.php,N/A,REPORTED,IE
2024-09-11T18:05:17.361Z,2024-09-11T17:10:32.452Z,8c162ae14c036434,40.112.213.104,/Stella-Mod-Setup/8.1.7.0.exe,N/A,REPORTED,US
2024-09-11T18:05:17.362Z,2024-09-11T17:10:32.453Z,8c160d12aae3d34e,185.220.100.253,/,"Mozilla/5.0 (Windows NT 10.0) AppleWebKit/537.36 (KHTML, like Gecko) Chrome/103.0.0.0 Safari/537.36",REPORTED,T1
2024-09-11T18:05:17.362Z,2024-09-11T17:10:32.453Z,8c15f85cddfe4d26,45.139.104.148,/.env,"Mozilla/5.0 (Linux; U; Android 4.4.2; en-US; HM NOTE 1W Build/KOT49H) AppleWebKit/534.30 (KHTML, like Gecko) Version/4.0 UCBrowser/11.0.5.850 U3/0.8.0 Mobile Safari/534.30",REPORTED,BG
2024-09-11T18:05:17.362Z,2024-09-11T17:10:32.453Z,8c15c5733e855c02,109.70.100.5,/generated/127.0.0.1/forks/oisd.nsfw.txt,"Mozilla/5.0 (Windows NT 10.0; WOW64) AppleWebKit/537.36 (KHTML, like Gecko) Chrome/103.0.5060.114 Safari/537.36",REPORTED,T1
2024-09-11T18:05:17.362Z,2024-09-11T17:10:32.453Z,8c15b10918aa2d18,54.82.251.34,//images/wp-login.php,Go-http-client/1.1,REPORTED,US
2024-09-11T20:04:08.312Z,2024-09-11T19:10:32.506Z,8c16dea1bded5d79,185.106.94.195,/,"Mozilla/5.0 (Windows NT 10.0; Win64; x64) AppleWebKit/537.36 (KHTML, like Gecko) Chrome/103.0.0.0 Safari/537.36",REPORTED,T1
2024-09-11T20:04:08.312Z,2024-09-11T19:10:32.507Z,8c16b78bcdca9c5c,165.22.51.162,//test/wp-includes/wlwmanifest.xml,"Mozilla/5.0 (Windows NT 10.0; Win64; x64) AppleWebKit/537.36 (KHTML, like Gecko) Chrome/95.0.4638.69 Safari/537.36",REPORTED,SG
2024-09-11T20:04:08.313Z,2024-09-11T19:10:32.507Z,8c169a31cae0ce86,152.42.246.35,//wp2/wp-includes/wlwmanifest.xml,"Mozilla/5.0 (Windows NT 10.0; Win64; x64) AppleWebKit/537.36 (KHTML, like Gecko) Chrome/88.0.4240.193 Safari/537.36",REPORTED,SG
2024-09-11T20:04:08.313Z,2024-09-11T19:10:32.508Z,8c16983f6ebf974b,107.189.30.49,/generated/127.0.0.1/forks/oisd.nsfw.txt,"Mozilla/5.0 (Windows NT 6.1; Win64; x64) AppleWebKit/537.36 (KHTML, like Gecko) Chrome/103.0.0.0 Safari/537.36",REPORTED,T1
2024-09-11T20:04:08.313Z,2024-09-11T19:10:32.508Z,8c167d925e540a54,91.92.241.221,/.env,Mozilla/5.0 (Macintosh; Intel Mac OS X 10.15; rv:77.0) Gecko/20100101 Firefox/77.0,REPORTED,BG
2024-09-11T20:04:08.313Z,2024-09-11T19:10:32.508Z,8c166dbf6fce1267,96.27.198.133,/,"Mozilla/5.0 (Windows NT 10.0; Win64; x64) AppleWebKit/537.36 (KHTML, like Gecko) Chrome/84.0.4147.105 Safari/537.36",REPORTED,T1
2024-09-11T20:04:08.313Z,2024-09-11T19:10:32.508Z,8c166db53d446204,23.155.24.4,/,"Mozilla/5.0 (Windows NT 10.0; Win64; x64) AppleWebKit/537.36 (KHTML, like Gecko) Chrome/84.0.4147.105 Safari/537.36",REPORTED,T1
2024-09-11T20:04:08.313Z,2024-09-11T19:10:32.510Z,8c166dae1ac665ba,107.189.12.3,/,"Mozilla/5.0 (Windows NT 10.0; Win64; x64) AppleWebKit/537.36 (KHTML, like Gecko) Chrome/84.0.4147.105 Safari/537.36",REPORTED,T1
2024-09-11T20:04:08.313Z,2024-09-11T19:10:32.510Z,8c166d9ffcac76f1,23.129.64.173,/,"Mozilla/5.0 (Windows NT 10.0; Win64; x64) AppleWebKit/537.36 (KHTML, like Gecko) Chrome/84.0.4147.105 Safari/537.36",REPORTED,T1
2024-09-11T20:04:08.313Z,2024-09-11T19:10:32.510Z,8c166c17feac5b5f,2a01:4ff:f0:c99e::1,/,"Mozilla/5.0 (Windows NT 10.0; Win64; x64) AppleWebKit/537.36 (KHTML, like Gecko) Chrome/84.0.4147.105 Safari/537.36",REPORTED,US
2024-09-11T20:04:08.313Z,2024-09-11T19:10:32.510Z,8c166c174c7b1292,5.161.90.140,/,"Mozilla/5.0 (Windows NT 10.0; Win64; x64) AppleWebKit/537.36 (KHTML, like Gecko) Chrome/84.0.4147.105 Safari/537.36",REPORTED,US
2024-09-11T20:04:08.313Z,2024-09-11T19:10:32.511Z,8c16534f980f0985,45.61.185.172,/,"Mozilla/5.0 (Windows NT 6.1) AppleWebKit/537.36 (KHTML, like Gecko) Chrome/103.0.5060.114 Safari/537.36",REPORTED,T1
2024-09-11T22:04:19.628Z,2024-09-11T21:10:32.460Z,8c1785308dd1ca43,185.220.101.23,/generated/127.0.0.1/forks/oisd.nsfw.txt,"Mozilla/5.0 (Windows NT 6.3; Win64; x64) AppleWebKit/537.36 (KHTML, like Gecko) Chrome/103.0.0.0 Safari/537.36",REPORTED,T1
2024-09-11T22:04:19.628Z,2024-09-11T21:10:32.460Z,8c176f1688d2a2e0,2a09:bac1:14c0:51a0::46:b7,/,"Mozilla/5.0 (Linux; Android 10; K) AppleWebKit/537.36 (KHTML, like Gecko) Chrome/128.0.0.0 Mobile Safari/537.36",REPORTED,CA
2024-09-11T22:04:19.629Z,2024-09-11T21:10:32.461Z,8c176bc30fb3601a,183.82.30.81,/xmlrpc.php,Mozilla/5.0 (Windows NT 10.0; WOW64; Trident/7.0; rv:11.0) like Gecko,REPORTED,IN
2024-09-11T22:04:19.629Z,2024-09-11T21:10:32.461Z,8c175fada91bc40a,213.134.182.214,/blocklist-generator/pihole,"Mozilla/5.0 (Macintosh; Intel Mac OS X 10_15_7) AppleWebKit/605.1.15 (KHTML, like Gecko) Version/17.6 Safari/605.1.15",REPORTED,PL
2024-09-11T22:04:19.629Z,2024-09-11T21:10:32.461Z,8c174ad79ac43558,194.38.23.16,/sites/all/libraries/elfinder/src/connectors/php/connector.php,ALittle Client,REPORTED,UA
2024-09-11T22:04:19.629Z,2024-09-11T21:10:32.461Z,8c173828f962bf5b,78.153.140.224,/getcfg.php,"Mozilla/5.0 (Macintosh; Intel Mac OS X 10_10_5) AppleWebKit/537.36 (KHTML, like Gecko) Chrome/50.0.2661.87 Safari/537.36 OPR/37.0.2178.32",REPORTED,GB
2024-09-11T22:04:19.629Z,2024-09-11T21:10:32.461Z,8c17312d1a2e1c94,45.14.244.50,/_fragment,"Mozilla/5.0 (Windows NT 10.0; Win64; x64) AppleWebKit/537.36 (KHTML, like Gecko) Chrome/98.0.4758.102 Safari/537.36",REPORTED,GB
2024-09-11T22:04:19.629Z,2024-09-11T21:10:32.461Z,8c1726d7e90cb23f,185.241.208.204,/,"Mozilla/5.0 (Windows NT 6.1; WOW64) AppleWebKit/537.36 (KHTML, like Gecko) Chrome/103.0.0.0 Safari/537.36",REPORTED,T1
2024-09-11T22:04:19.629Z,2024-09-11T21:10:32.461Z,8c1714d56e14b96e,91.92.249.235,//blog/wp-includes/wlwmanifest.xml,"Mozilla/5.0 (Windows NT 10.0; Win64; x64) AppleWebKit/537.36 (KHTML, like Gecko) Chrome/89.0.4389.114 Safari/537.36",REPORTED,NL
2024-09-11T22:04:19.629Z,2024-09-11T21:10:32.462Z,8c16f957daee930d,2a07:e01:2:70::1,/.;/actuator/env,Mozilla/5.0 (Macintosh; Intel Mac OS X 10.15; rv:71.0) Gecko/20100101 Firefox/71.0,REPORTED,SE
2024-09-12T00:17:37.418Z,2024-09-11T23:10:32.432Z,8c1849c9cc730418,138.199.19.170,/wp-content/themes/finley/,"Mozilla/5.0 (Windows NT 10.0) AppleWebKit/537.36 (KHTML, like Gecko) Chrome/84.0.4147.105 Safari/537.36",REPORTED,DE
2024-09-12T02:23:09.511Z,2024-09-12T01:10:32.479Z,8c18f9ccdd08ac15,51.79.17.9,/wp-login.php,Mozilla/5.0 (X11; Fedora; Linux x86_64; rv:94.0) Gecko/20100101 Firefox/95.0,REPORTED,CA
2024-09-12T02:23:09.511Z,2024-09-12T01:10:32.479Z,8c18edfda8bb28f6,175.16.66.162,/,"Mozilla/5.0 (Macintosh; Intel Mac OS X 10_10) AppleWebKit/537.36 (KHTML, like Gecko) Chrome/37.0.2062.124 Safari/537.36",REPORTED,CN
2024-09-12T02:23:09.511Z,2024-09-12T01:10:32.480Z,8c18e4768895c552,2600:1f18:26d4:7e01:8c46:45dd:4754:5d34,/favicon.ico,"Mozilla/5.0 (Windows NT 10.0; Win64; x64) AppleWebKit/537.36 (KHTML, like Gecko) Chrome/83.0.4103.116 Safari/537.36",REPORTED,US
2024-09-12T02:23:09.511Z,2024-09-12T01:10:32.480Z,8c18d18a1c87d0a3,13.36.244.74,/wp/,Mozilla/5.0 (Windows NT 6.3; Win64; x64; rv:63.0) Gecko/20100101 Firefox/63.0,REPORTED,FR
2024-09-12T02:23:09.511Z,2024-09-12T01:10:32.480Z,8c18c0c09f5b2c7b,51.195.106.112,/wp-login.php,Mozilla/5.0 (X11; Fedora; Linux x86_64; rv:94.0) Gecko/20100101 Firefox/95.0,REPORTED,FR
2024-09-12T02:23:09.511Z,2024-09-12T01:10:32.480Z,8c18b19f9fa49457,54.36.209.253,/generated/127.0.0.1/forks/oisd.nsfw.txt,"Mozilla/5.0 (Windows NT 6.1; Win64; x64) AppleWebKit/537.36 (KHTML, like Gecko) Chrome/103.0.0.0 Safari/537.36",REPORTED,T1
2024-09-12T02:23:09.511Z,2024-09-12T01:10:32.480Z,8c1897cd49e13662,83.69.230.5,/wp-login.php,Mozilla/5.0 (X11; Fedora; Linux x86_64; rv:94.0) Gecko/20100101 Firefox/95.0,REPORTED,RU
2024-09-12T02:23:09.511Z,2024-09-12T01:10:32.480Z,8c186892bc2562f2,185.220.101.181,/generated/127.0.0.1/forks/oisd.nsfw.txt,"Mozilla/5.0 (Windows NT 10.0; Win64; x64) AppleWebKit/537.36 (KHTML, like Gecko) Chrome/103.0.5060.53 Safari/537.36",REPORTED,T1
2024-09-12T02:23:09.513Z,2024-09-12T01:10:32.481Z,8c1850fb9ab5af9a,57.180.244.144,//2020/wp-includes/wlwmanifest.xml,"Mozilla/5.0 (Windows NT 10.0; Win64; x64) AppleWebKit/537.36 (KHTML, like Gecko) Chrome/89.0.4389.114 Safari/537.36",REPORTED,JP
2024-09-12T04:04:57.620Z,2024-09-12T03:10:32.480Z,8c198d8898c16a62,185.220.101.24,/generated/127.0.0.1/forks/oisd.nsfw.txt,"Mozilla/5.0 (Windows NT 10.0; Win64; x64) AppleWebKit/537.36 (KHTML, like Gecko) Chrome/103.0.5060.114 Safari/537.36",REPORTED,T1
2024-09-12T04:04:57.621Z,2024-09-12T03:10:32.481Z,8c19750a3f9c22a6,103.120.176.210,/wp-login.php,Mozilla/5.0 (X11; Fedora; Linux x86_64; rv:94.0) Gecko/20100101 Firefox/95.0,REPORTED,IN
2024-09-12T04:04:57.621Z,2024-09-12T03:10:32.481Z,8c19711afd6a3c7c,143.244.142.166,/wp-admin/css/,"Mozilla/5.0 (Windows NT 10.0; Win64; x64) AppleWebKit/537.36 (KHTML, like Gecko) Chrome/90.0.4430.85 Safari/537.36",REPORTED,IN
2024-09-12T04:04:57.621Z,2024-09-12T03:10:32.481Z,8c19701508486fd2,103.159.85.205,/wp-login.php,Mozilla/5.0 (X11; Fedora; Linux x86_64; rv:94.0) Gecko/20100101 Firefox/95.0,REPORTED,IN
2024-09-12T04:04:57.621Z,2024-09-12T03:10:32.482Z,8c196b45fbad30e2,176.198.157.146,/,Mozilla/5.0 (Windows NT 10.0; WOW64; rv:76.0) Gecko/20100101 Firefox/76.0,REPORTED,DE
2024-09-12T04:04:57.621Z,2024-09-12T03:10:32.482Z,8c195ebb2df03987,198.23.217.37,/wp-login.php,Mozilla/5.0 (X11; Fedora; Linux x86_64; rv:94.0) Gecko/20100101 Firefox/95.0,REPORTED,US
2024-09-12T04:04:57.621Z,2024-09-12T03:10:32.482Z,8c1944facf6ed269,178.218.144.18,/,"Mozilla/5.0 (Windows NT 6.3; WOW64) AppleWebKit/537.36 (KHTML, like Gecko) Chrome/103.0.0.0 Safari/537.36",REPORTED,T1
2024-09-12T04:04:57.621Z,2024-09-12T03:10:32.482Z,8c192ffd8b5ba244,142.44.214.106,/robots.txt,"Mozilla/5.0 (Macintosh; Intel Mac OS X 10_14_6) AppleWebKit/537.36 (KHTML, like Gecko) Chrome/98.0.4758.80 Safari/537.36",REPORTED,CA
2024-09-12T04:04:57.621Z,2024-09-12T03:10:32.482Z,8c1925a5dd84dbc2,125.32.210.26,/,Mozilla/5.0 (Windows NT 5.1; rv:56.0) Gecko/20100101 Firefox/56.0,REPORTED,CN
2024-09-12T04:04:57.621Z,2024-09-12T03:10:32.483Z,8c192471aa42b22a,79.186.209.135,/admin,"Mozilla/5.0 (Windows NT 10.0; Win64; x64) AppleWebKit/537.36 (KHTML, like Gecko) Chrome/128.0.0.0 Safari/537.36",REPORTED,PL
2024-09-12T04:04:57.621Z,2024-09-12T03:10:32.483Z,8c19244ffd60392e,128.14.211.210,/,"Mozilla/5.0 (Windows NT 10.0; Win64; x64) AppleWebKit/537.36 (KHTML, like Gecko) Chrome/60.0.3112.113 Safari/537.36",REPORTED,US
2024-09-12T04:04:57.621Z,2024-09-12T03:10:32.483Z,8c18fb266f5062e3,185.220.101.25,/generated/127.0.0.1/forks/oisd.nsfw.txt,"Mozilla/5.0 (Windows NT 10.0; WOW64) AppleWebKit/537.36 (KHTML, like Gecko) Chrome/103.0.5060.114 Safari/537.36",REPORTED,T1
2024-09-12T06:05:53.432Z,2024-09-12T05:10:32.558Z,8c1a489999c46c37,2001:19f0:6402:91f:5400:5ff:fe17:c484,/home,"Mozilla/5.0 (Windows NT 10.0; Win64; x64) AppleWebKit/537.36 (KHTML, like Gecko) Chrome/74.0.3729.169 Safari/537.36",REPORTED,US
2024-09-12T06:05:53.432Z,2024-09-12T05:10:32.558Z,8c1a1df9886f5d5f,104.244.73.43,/,"Mozilla/5.0 (Windows NT 6.1; Win64; x64) AppleWebKit/537.36 (KHTML, like Gecko) Chrome/103.0.5060.114 Safari/537.36",REPORTED,T1
2024-09-12T06:05:53.432Z,2024-09-12T05:10:32.559Z,8c19eaa51cfcf0ec,103.131.196.40,/wp-login.php,Mozilla/5.0 (X11; Fedora; Linux x86_64; rv:94.0) Gecko/20100101 Firefox/95.0,REPORTED,IN
2024-09-12T06:05:53.432Z,2024-09-12T05:10:32.559Z,8c19d4bfa9fdca89,193.182.96.246,/,"Mozilla/5.0 (Windows NT 6.3; Win64; x64) AppleWebKit/537.36 (KHTML, like Gecko) Chrome/103.0.0.0 Safari/537.36",REPORTED,T1
